user_id,age,daily_screen_time_hours,num_apps_used_daily,avg_session_minutes,notifications_per_day,data_usage_mb_per_day,device_storage_gb,battery_capacity_mah,primary_app_category
1,56,1.33,22,35.41,114,693.13,128,5000,Gaming
2,46,3.27,33,11.82,80,822.85,256,3500,Shopping
3,32,7.42,29,22.67,114,769.39,128,5000,Education
4,25,9.06,11,26.17,22,343.81,64,3000,Shopping
5,38,5.61,28,10.4,91,1255.56,512,3500,Social Media
6,56,5.79,19,39.18,110,1885.29,128,3000,Education
7,36,1.96,15,30.43,22,1595.48,512,3500,Gaming
8,40,5.03,22,23.2,109,1747.6,256,5000,Education
9,28,5.79,27,8.86,40,386.64,256,4500,Social Media
10,28,3.18,16,4.05,11,2388.43,64,4000,Entertainment
11,41,3.42,10,14.16,25,2128.53,256,3000,Shopping
12,53,4.4,24,30.62,18,2051.71,128,5000,Shopping
13,57,1.18,27,12.23,82,2092.86,256,4500,Gaming
14,41,3.9,34,22.5,47,2345.23,64,5000,Education
15,20,2.9,17,29.66,84,1451.78,512,3000,Gaming
16,39,3.95,24,6.1,63,660.65,512,4000,Entertainment
17,19,2.08,20,28.04,65,1618.6,256,5000,Education
18,41,9.01,22,5.49,95,1908.63,128,3500,Education
19,47,6.34,14,38.67,106,1897.21,64,4500,Gaming
20,55,7.11,32,20.56,109,1399.33,128,5000,Gaming
21,19,8.1,27,7.73,118,357.46,64,4500,Social Media
22,38,5.49,12,15.01,96,1053.56,256,3500,Entertainment
23,50,1.78,22,17.71,54,2317.76,64,4000,Social Media
24,29,5.83,25,30.81,118,1544.23,64,4000,Shopping
25,39,6.28,5,30.25,43,1438.16,256,3500,Education
26,42,7.71,27,25.25,18,818.36,128,4500,Gaming
27,44,4.88,12,6.03,97,1047.43,256,5000,Education
28,59,2.15,33,7.76,17,2259.3,64,3500,Education
29,45,3.55,10,5.56,16,1732.87,256,3000,Productivity
30,33,4.27,9,23.93,45,2010.99,64,4500,Shopping
31,32,6.81,19,35.33,27,1244.99,256,4000,Productivity
32,20,6.14,26,18.48,12,1649.57,512,3500,Education
33,54,4.2,19,8.11,37,771.28,512,4000,Gaming
34,24,9.88,6,23.21,79,1822.56,256,4500,Education
35,38,6.45,5,32.85,117,1183.48,128,4000,Shopping
36,26,3.14,27,30.19,53,1217.85,64,3500,Productivity
37,56,1.92,27,35.5,30,1693.44,512,4500,Gaming
38,35,2.38,30,12.56,37,2353.45,128,3000,Education
39,21,3.21,15,9.37,113,347.21,64,3500,Entertainment
40,42,2.45,14,35.43,63,2096.91,512,5000,Shopping
41,31,2.68,34,26.99,63,872.48,512,3500,Shopping
42,26,3.57,22,13.82,74,1221.01,256,4500,Entertainment
43,43,2.56,22,30.21,109,250.4,64,3500,Education
44,19,9.07,21,32.97,30,892.41,128,3000,Shopping
45,37,1.72,30,25.37,116,1356.05,128,3000,Gaming
46,45,5.72,12,28.14,108,329.2,128,5000,Education
47,24,4.69,19,16.26,22,1329.52,64,4000,Education
48,25,9.84,12,22.47,66,2332.35,128,4500,Productivity
49,52,2.01,21,21.92,58,442.4,128,4500,Shopping
50,31,4.58,16,34.23,63,1958.21,128,4000,Shopping
51,34,9.73,31,33.92,19,1142.24,256,3000,Entertainment
52,53,8.79,12,33.64,62,1706.9,256,3000,Productivity
53,57,8.35,29,2.42,53,798.54,64,3500,Productivity
54,21,3.32,18,30.48,56,566.83,64,5000,Shopping
55,19,2.54,8,30.83,62,569.06,128,5000,Education
56,23,7.02,5,27.78,83,362.13,256,5000,Productivity
57,59,9.36,5,30.74,55,626.99,512,3500,Entertainment
58,21,6.01,23,33.99,22,1727.7,512,5000,Productivity
59,46,6.14,20,19.87,46,2227.89,128,4000,Entertainment
60,35,3.52,18,21.08,111,2072.49,128,3500,Productivity
61,43,7.93,25,6.74,33,1775.81,256,4000,Entertainment
62,51,2.68,20,16.64,11,453.99,256,3500,Productivity
63,27,3.91,9,26.45,95,865.13,256,5000,Productivity
64,53,4.83,13,31.66,90,912.56,64,4000,Gaming
65,31,5.57,30,10.25,109,774.9,64,4000,Entertainment
66,48,3.18,34,7.24,23,1384.51,128,4000,Entertainment
67,32,2.03,32,27.2,19,1431.77,64,3500,Entertainment
68,25,6.5,6,2.07,44,1020.84,256,4500,Social Media
69,31,3.6,22,8.78,34,1013.72,256,5000,Productivity
70,40,6.23,10,3.1,12,2105.68,64,4000,Entertainment
71,57,2.39,13,8.34,111,2015.37,512,4500,Shopping
72,38,5.33,5,8.89,26,907.93,128,5000,Social Media
73,33,5.79,13,16.73,21,2301.71,512,5000,Gaming
74,35,1.47,29,17.29,63,2391.47,128,4000,Entertainment
75,41,4.03,20,35.22,33,951.51,512,4000,Entertainment
76,43,2.21,17,21.38,38,1015.18,64,3500,Social Media
77,42,1.57,13,29.49,52,1362.96,128,4500,Productivity
78,58,9.91,25,5.96,34,2364.58,128,4500,Shopping
79,46,3.9,17,10.57,109,2215.53,128,4000,Gaming
80,32,8.29,13,28.71,69,435.91,256,5000,Entertainment
81,18,3.29,15,4.01,99,1103.28,256,4000,Productivity
82,42,7.13,8,20.49,111,1472.75,512,5000,Shopping
83,24,7.84,6,24.78,74,1357.2,64,5000,Shopping
84,26,6.36,33,24.88,93,645.89,256,4000,Gaming
85,41,5.24,10,2.87,37,2175.28,128,3000,Education
86,18,4.71,18,14.24,25,1756.96,256,4500,Shopping
87,25,4.14,8,26.19,56,2127.19,64,5000,Education
88,41,9.37,10,7.66,90,2175.16,256,5000,Shopping
89,28,8.48,23,28.43,113,1921.22,128,3000,Gaming
90,34,9.69,10,30.35,101,1210.18,512,3500,Social Media
91,25,2.12,6,39.31,67,1604.26,128,3000,Gaming
92,52,7.58,22,9.97,85,568.84,64,3000,Gaming
93,52,9.45,17,33.35,36,1749.38,512,5000,Social Media
94,50,2.63,13,21.77,62,612.28,256,4500,Social Media
95,22,1.6,27,16.19,51,1796.08,256,3000,Productivity
96,59,7.67,23,6.65,68,728.08,256,3500,Shopping
97,56,6.17,17,29.95,56,470.37,512,4000,Productivity
98,58,8.58,15,10.96,103,580.15,128,3000,Social Media
99,45,2.26,5,16.11,114,204.58,512,3000,Education
100,24,8.16,28,4.38,43,1853.1,512,3500,Education
101,26,2.81,34,32.45,46,1884.52,64,4500,Gaming
102,25,2.47,26,31.13,15,1384.35,512,3000,Entertainment
103,29,2.48,11,29.88,16,571.13,256,3000,Gaming
104,51,8.33,29,13.38,105,392.17,128,4500,Gaming
105,50,6.99,25,8.59,105,244.0,128,3500,Entertainment
106,40,5.71,19,26.23,34,581.22,128,3000,Shopping
107,41,4.23,5,20.85,42,2248.97,256,4500,Social Media
108,54,8.89,16,8.77,64,755.53,256,3000,Education
109,52,4.53,30,28.06,67,1014.82,256,4000,Gaming
110,57,8.35,11,39.66,16,442.29,256,5000,Entertainment
111,39,4.95,19,30.39,66,711.43,256,4000,Productivity
112,44,4.39,25,30.12,21,1394.22,512,3000,Gaming
113,52,5.16,23,38.11,25,1597.83,256,3500,Education
114,18,3.71,32,9.71,89,764.31,256,5000,Social Media
115,52,7.73,33,23.49,52,332.78,256,4000,Gaming
116,54,5.52,29,39.23,109,1099.38,256,4500,Gaming
117,31,3.09,5,8.28,86,738.67,128,3500,Shopping
118,20,9.1,21,28.61,16,704.97,256,4000,Entertainment
119,18,4.46,21,24.26,109,2407.68,512,4500,Productivity
120,22,5.89,7,24.29,60,1617.49,512,3000,Productivity
121,43,9.16,16,28.51,82,1480.82,512,4500,Social Media
122,31,6.62,10,37.33,41,1156.28,64,4000,Education
123,56,2.05,30,31.74,84,1186.57,128,4000,Social Media
124,44,9.46,15,4.13,17,1444.08,256,3000,Gaming
125,26,6.65,7,34.4,106,1801.79,64,4500,Gaming
126,32,4.01,12,10.57,96,1814.94,256,4500,Productivity
127,32,2.25,18,16.32,98,594.9,64,3000,Education
128,43,8.15,18,19.55,81,1350.26,64,4500,Entertainment
129,59,6.58,14,20.27,54,1147.5,512,3000,Education
130,30,5.8,6,18.54,95,2202.21,512,3500,Gaming
131,49,9.05,18,37.62,68,1652.26,64,4000,Entertainment
132,56,8.1,13,28.83,13,1424.76,512,3500,Education
133,49,2.37,7,25.98,113,465.41,64,5000,Education
134,21,3.81,25,3.89,76,1592.97,128,5000,Entertainment
135,47,3.24,30,36.35,38,469.57,512,5000,Gaming
136,54,7.7,12,36.56,114,975.58,512,3000,Education
137,40,1.3,20,31.65,38,528.54,512,4500,Entertainment
138,56,6.13,6,2.27,107,1791.77,128,3500,Shopping
139,32,7.86,10,4.18,107,674.38,64,3500,Shopping
140,46,8.89,32,10.56,37,1101.28,256,3500,Gaming
141,53,4.08,25,6.99,86,2260.05,512,3500,Entertainment
142,30,8.39,33,17.16,88,669.93,64,5000,Shopping
143,49,2.0,30,37.06,96,1367.95,128,3500,Entertainment
144,24,8.62,29,19.94,53,1164.32,256,4500,Education
145,39,2.15,16,2.51,99,241.69,512,5000,Gaming
146,45,4.58,9,12.74,13,2023.34,128,3500,Shopping
147,19,8.18,6,3.69,99,358.81,128,3000,Education
148,59,2.35,20,3.38,113,1290.79,256,4000,Social Media
149,23,3.06,9,12.48,18,1489.56,64,4000,Social Media
150,45,7.5,19,12.47,14,1645.38,512,4000,Gaming
151,45,7.48,16,31.91,65,1783.85,512,5000,Shopping
152,37,6.77,8,39.04,105,782.53,64,3500,Shopping
153,47,7.25,19,16.11,93,222.95,64,5000,Shopping
154,28,5.88,15,18.3,59,1863.92,64,4500,Entertainment
155,45,3.27,20,34.1,84,1432.01,256,3000,Education
156,42,4.11,27,12.19,24,2123.07,256,3000,Shopping
157,56,2.63,10,7.94,41,2089.19,512,4000,Education
158,50,9.18,18,34.42,37,2139.65,256,4000,Gaming
159,18,6.25,22,3.77,31,1315.72,128,4000,Shopping
160,44,4.61,16,25.55,114,967.35,512,3500,Gaming
161,30,5.16,31,23.36,26,2020.58,256,4500,Shopping
162,58,9.53,15,15.14,68,1237.98,64,4500,Social Media
163,20,2.38,17,13.98,99,621.92,128,4500,Productivity
164,56,6.28,25,31.33,117,2166.44,64,4500,Gaming
165,23,5.55,27,5.28,80,2229.89,512,4000,Shopping
166,25,6.5,15,11.0,115,1272.51,64,3000,Productivity
167,44,1.16,27,29.83,66,374.11,256,4000,Gaming
168,26,8.85,20,22.84,35,1092.0,256,4500,Entertainment
169,54,9.39,19,6.86,34,2048.14,512,4000,Shopping
170,50,6.09,25,35.52,19,2274.08,64,4500,Entertainment
171,59,7.27,32,16.95,54,667.99,512,5000,Social Media
172,41,9.3,19,33.46,92,354.04,64,3000,Shopping
173,32,7.37,29,31.93,20,2217.91,128,5000,Social Media
174,49,2.37,8,25.73,86,1095.63,256,3500,Productivity
175,49,6.19,15,20.79,62,1446.05,512,4000,Gaming
176,41,6.46,23,39.22,81,2426.55,128,3500,Education
177,58,4.82,19,7.51,113,353.1,128,4000,Social Media
178,29,7.63,8,29.56,77,1691.13,512,5000,Education
179,56,9.41,25,9.27,104,370.44,512,4500,Education
180,19,9.33,17,14.85,37,1063.58,128,4500,Gaming
181,20,5.06,26,13.73,84,2048.77,64,4000,Productivity
182,54,2.02,23,37.99,116,1196.99,128,4500,Gaming
183,34,9.86,6,38.76,74,2493.52,512,5000,Shopping
184,19,8.55,18,8.95,58,1485.84,128,4500,Social Media
185,19,2.12,33,2.84,56,938.67,64,5000,Education
186,45,9.29,8,29.36,61,706.26,256,3500,Gaming
187,40,8.83,20,17.88,111,1006.2,256,5000,Gaming
188,54,5.67,25,5.38,97,1056.83,128,3000,Gaming
189,49,6.32,24,27.98,63,358.04,64,3000,Social Media
190,50,4.59,18,22.71,69,1050.02,256,3000,Productivity
191,18,1.49,31,39.26,66,1267.75,128,4000,Gaming
192,36,4.02,33,10.64,56,1862.3,128,4000,Social Media
193,19,8.23,19,17.35,40,1710.48,64,4000,Education
194,43,1.04,32,22.62,114,1830.16,512,5000,Shopping
195,49,4.0,7,32.08,55,219.24,128,4000,Entertainment
196,23,4.58,12,22.86,35,700.64,512,3500,Social Media
197,49,5.84,20,25.29,14,1721.87,512,3000,Entertainment
198,21,9.28,14,10.59,93,1313.18,256,5000,Gaming
199,28,4.12,8,34.18,61,212.22,512,3000,Gaming
200,34,4.12,34,18.29,114,2050.34,64,4000,Social Media
201,55,7.64,22,7.36,84,1977.46,256,5000,Entertainment
202,41,5.07,6,27.24,63,1461.36,256,4500,Gaming
203,22,3.02,21,10.21,42,352.87,256,3500,Education
204,51,5.07,17,5.71,59,1962.98,128,4000,Productivity
205,23,2.27,8,34.76,47,1542.54,128,4000,Productivity
206,39,2.59,30,19.49,36,1998.51,512,3500,Gaming
207,28,5.49,29,30.47,107,1929.02,256,3500,Entertainment
208,33,4.77,34,13.04,24,2046.9,256,4500,Shopping
209,50,9.23,15,31.9,105,1391.42,64,4000,Gaming
210,26,4.26,11,6.25,70,522.75,512,4000,Shopping
211,23,6.23,16,15.53,30,1743.66,64,3000,Shopping
212,33,6.69,14,39.17,55,1627.09,512,5000,Entertainment
213,46,1.12,11,32.17,78,1907.18,512,5000,Shopping
214,20,6.97,17,20.9,15,590.73,128,3000,Education
215,37,2.6,11,14.91,47,648.44,128,5000,Entertainment
216,53,9.65,28,35.14,71,2247.94,64,3500,Gaming
217,36,2.34,21,22.7,95,1924.95,512,5000,Education
218,43,4.73,14,30.82,71,2288.93,256,5000,Social Media
219,20,1.77,33,30.66,91,1945.05,128,3000,Productivity
220,36,9.97,14,2.68,87,1573.46,256,4500,Gaming
221,37,5.52,28,6.8,83,1704.51,64,5000,Gaming
222,49,6.36,8,27.07,55,2244.99,128,5000,Gaming
223,24,1.6,24,8.14,22,1531.26,128,4500,Education
224,58,7.75,8,11.71,104,1654.5,512,3000,Social Media
225,50,2.89,26,37.97,103,559.9,64,4500,Entertainment
226,57,9.08,11,23.29,12,1290.02,512,3000,Social Media
227,56,2.85,26,30.53,103,1847.71,128,3500,Education
228,35,2.72,5,23.2,15,823.17,64,3000,Gaming
229,57,1.33,16,23.0,102,665.18,128,3500,Productivity
230,18,5.25,28,5.58,17,921.8,64,3500,Gaming
231,28,6.08,17,15.06,53,755.45,128,3000,Entertainment
232,45,1.59,14,12.73,118,694.3,256,4000,Shopping
233,42,7.98,19,16.85,116,1177.16,256,3000,Productivity
234,40,5.08,31,32.34,117,2288.03,512,5000,Gaming
235,48,5.72,17,16.13,42,1366.24,256,5000,Productivity
236,47,4.97,27,19.16,90,632.22,128,4000,Shopping
237,59,4.61,26,17.1,84,377.03,128,3500,Social Media
238,52,6.04,26,5.55,86,1801.16,256,4000,Education
239,24,2.4,25,18.76,59,1080.44,512,5000,Gaming
240,33,2.64,26,9.43,20,2090.21,256,4000,Entertainment
241,43,8.76,32,9.1,104,1716.87,64,3000,Social Media
242,19,9.52,13,5.57,37,2031.36,64,4000,Gaming
243,18,4.36,30,15.55,117,825.48,64,3500,Social Media
244,29,3.44,13,30.78,79,1792.43,256,3000,Entertainment
245,22,6.8,19,12.5,50,807.34,256,4500,Gaming
246,54,4.68,14,13.87,25,2359.86,256,5000,Shopping
247,49,1.23,28,26.42,77,1663.66,64,5000,Shopping
248,26,2.41,30,9.44,108,946.38,512,4000,Entertainment
249,58,7.44,29,36.08,57,819.88,128,3000,Productivity
250,52,6.93,33,21.77,65,639.13,256,4500,Entertainment
251,36,1.24,14,19.01,73,1797.67,512,3000,Productivity
252,33,3.0,12,23.2,68,703.05,128,5000,Gaming
253,20,3.08,28,8.31,99,1569.2,128,3000,Productivity
254,37,7.05,20,25.31,71,808.66,128,4500,Gaming
255,41,1.18,21,15.8,85,1722.53,512,4000,Gaming
256,50,1.94,30,36.09,20,2074.36,512,3500,Education
257,41,8.2,31,8.42,110,1989.46,64,3000,Gaming
258,28,2.61,9,21.27,98,1949.96,512,3500,Productivity
259,25,6.87,8,24.73,27,631.76,512,5000,Education
260,53,3.14,22,3.27,28,403.29,512,4000,Education
261,55,1.89,28,15.82,96,1807.58,128,4000,Gaming
262,57,3.19,23,29.84,64,1047.2,256,3000,Entertainment
263,37,7.5,8,33.17,111,1194.4,64,4000,Entertainment
264,52,8.7,32,13.9,91,271.64,256,3000,Shopping
265,42,8.47,11,32.35,35,797.03,256,3000,Education
266,52,4.57,14,38.77,15,277.46,512,3500,Gaming
267,42,7.01,29,34.56,13,2222.13,64,4000,Entertainment
268,46,2.84,22,6.47,117,759.81,256,3000,Gaming
269,35,3.64,23,30.11,38,1481.88,256,3500,Gaming
270,35,9.07,8,14.15,68,289.65,64,4500,Education
271,19,1.12,14,39.56,107,1733.75,512,3500,Shopping
272,52,1.77,5,20.44,26,942.96,256,3500,Education
273,33,2.87,27,6.65,116,2265.21,128,3000,Social Media
274,58,1.24,22,29.56,52,2242.67,256,5000,Entertainment
275,53,2.63,9,14.27,89,948.17,128,5000,Entertainment
276,50,6.25,19,39.89,75,2272.21,512,5000,Entertainment
277,21,4.79,21,39.23,43,2491.16,256,3500,Productivity
278,50,9.03,7,26.93,17,2098.46,64,3000,Gaming
279,31,8.36,16,6.93,22,2143.2,64,4000,Education
280,38,4.08,6,28.1,115,772.72,256,3500,Entertainment
281,37,3.33,5,5.54,17,1526.42,512,3500,Social Media
282,25,4.42,27,3.12,103,354.69,512,3000,Entertainment
283,24,6.31,25,33.27,105,418.31,64,4500,Shopping
284,20,3.41,21,9.97,109,2497.45,256,3500,Gaming
285,34,6.62,26,16.4,103,951.27,512,4500,Gaming
286,50,4.68,20,38.99,74,1920.82,64,4500,Education
287,29,5.97,9,14.8,52,2055.33,128,5000,Productivity
288,39,4.93,19,13.27,48,2173.45,256,3000,Education
289,39,3.65,7,36.89,90,2494.55,128,4500,Entertainment
290,47,9.54,32,6.21,68,755.44,128,3000,Shopping
291,55,7.87,11,30.86,93,292.81,512,5000,Social Media
292,55,2.26,15,39.55,97,1145.74,512,3000,Education
293,25,8.82,14,36.25,95,499.19,512,3500,Productivity
294,44,5.39,13,26.76,102,251.58,256,4500,Education
295,44,9.05,18,13.93,95,1028.98,128,3000,Gaming
296,51,8.2,17,11.66,53,2002.6,256,4000,Entertainment
297,38,4.83,33,33.13,18,1502.22,512,3000,Entertainment
298,47,1.2,29,35.43,46,919.39,128,4500,Entertainment
299,50,3.42,34,21.97,83,1704.99,256,5000,Entertainment
300,45,5.87,29,11.28,45,733.64,256,5000,Entertainment
301,50,6.7,6,6.29,110,233.08,64,4500,Entertainment
302,22,3.32,7,5.31,101,1958.01,256,3500,Social Media
303,36,2.25,11,29.32,37,1634.61,512,3500,Productivity
304,21,8.51,25,17.96,51,1953.3,256,5000,Entertainment
305,52,9.86,22,36.4,52,289.56,128,5000,Productivity
306,34,5.73,7,30.11,94,2125.38,256,4500,Shopping
307,45,2.55,14,9.27,97,1624.91,64,3500,Entertainment
308,47,3.45,26,25.32,51,1495.81,128,5000,Education
309,46,1.17,33,18.55,113,1636.61,128,3500,Entertainment
310,23,9.23,11,23.94,75,2188.2,64,5000,Gaming
311,52,2.06,13,30.05,64,1549.95,512,3000,Social Media
312,58,6.19,21,32.64,81,1536.19,128,4000,Education
313,54,3.47,15,34.06,57,2478.56,512,3000,Education
314,41,5.99,11,11.65,100,1940.48,128,5000,Gaming
315,46,6.86,28,3.18,31,1217.28,128,4000,Entertainment
316,48,8.47,32,30.09,110,1827.01,512,4000,Social Media
317,52,2.86,18,6.04,36,1095.23,128,5000,Education
318,50,1.1,23,13.97,102,726.41,512,5000,Social Media
319,38,2.23,8,2.15,76,1572.76,64,3500,Education
320,49,9.1,30,27.9,117,2334.82,512,5000,Entertainment
321,40,8.87,10,8.35,22,2337.02,64,4500,Shopping
322,50,6.38,14,26.9,54,986.38,128,5000,Education
323,20,6.4,11,39.69,19,1413.66,512,4500,Shopping
324,35,6.99,17,4.76,109,686.76,128,5000,Education
325,42,2.58,18,4.93,18,2489.95,512,3500,Productivity
326,59,9.23,8,14.93,63,2456.57,64,4500,Entertainment
327,48,4.77,12,34.92,36,1693.87,64,3000,Gaming
328,20,4.45,9,10.19,43,2050.15,512,4500,Shopping
329,57,5.67,5,15.69,10,1844.73,64,3500,Gaming
330,41,1.42,8,4.6,41,1564.26,128,4500,Entertainment
331,49,2.5,7,31.0,98,322.7,128,5000,Gaming
332,39,7.64,13,17.52,102,1245.96,256,5000,Entertainment
333,40,1.75,12,30.85,80,1752.01,64,3500,Gaming
334,19,6.43,5,36.34,76,1758.32,128,4000,Shopping
335,44,3.21,31,10.84,93,1058.18,512,5000,Productivity
336,59,4.5,10,32.68,29,2365.89,64,3000,Gaming
337,19,3.6,13,4.25,103,584.92,128,3500,Shopping
338,43,4.2,11,36.16,44,1350.83,64,4500,Education
339,34,7.47,8,26.73,108,1789.03,512,4500,Entertainment
340,57,3.67,17,35.22,112,1803.41,128,3000,Social Media
341,50,6.1,21,2.01,100,1691.87,256,5000,Social Media
342,26,5.28,32,8.43,99,833.16,256,3500,Entertainment
343,56,6.97,6,16.81,87,559.28,64,3000,Productivity
344,46,9.43,32,16.42,26,1662.66,512,5000,Gaming
345,59,7.59,9,10.62,27,1578.39,128,3500,Productivity
346,43,2.93,16,16.5,54,612.52,512,4500,Social Media
347,52,1.28,31,6.9,102,1821.82,128,3500,Shopping
348,42,3.36,25,17.68,93,1246.9,64,4000,Entertainment
349,41,6.36,12,32.49,62,1735.85,128,3500,Entertainment
350,30,1.46,10,20.2,100,2125.94,512,4000,Productivity
351,24,5.47,12,2.68,91,590.38,512,3500,Shopping
352,53,6.37,22,18.01,77,244.03,64,4000,Productivity
353,37,4.01,7,3.03,74,1991.94,512,4500,Gaming
354,18,7.94,26,38.72,10,1602.3,128,5000,Education
355,25,1.96,16,6.84,67,1809.17,64,4000,Shopping
356,33,1.68,33,28.89,35,2127.76,128,4000,Education
357,31,7.55,30,38.97,118,2046.47,512,4500,Gaming
358,29,5.46,7,33.39,29,2410.12,64,4000,Education
359,40,7.2,26,28.57,96,1432.65,128,3000,Social Media
360,32,4.91,10,33.9,19,1323.54,512,4500,Education
361,45,3.22,6,39.31,68,1124.34,512,3000,Gaming
362,51,8.37,27,25.61,84,553.49,256,4500,Education
363,19,8.19,16,23.25,50,1517.0,512,4000,Entertainment
364,49,7.25,6,25.87,114,837.13,128,3000,Productivity
365,40,3.45,10,22.24,14,2319.01,64,4000,Social Media
366,39,6.31,21,26.13,74,1541.34,256,4500,Entertainment
367,42,4.25,7,19.09,26,1563.53,512,4000,Entertainment
368,39,1.82,6,10.3,31,1016.33,512,3000,Gaming
369,39,9.26,27,6.57,107,319.58,512,3000,Productivity
370,59,2.23,34,4.6,118,273.01,128,4000,Productivity
371,23,9.55,24,12.01,50,1173.67,256,3500,Shopping
372,32,5.01,12,3.75,102,394.5,128,4500,Social Media
373,54,2.67,26,23.55,77,1595.75,256,4500,Gaming
374,50,5.88,16,12.79,78,2226.24,64,4000,Social Media
375,25,8.86,30,33.33,20,2230.7,128,3500,Shopping
376,22,7.59,8,4.82,65,1715.8,128,3000,Education
377,56,8.26,9,10.6,60,685.83,64,5000,Entertainment
378,21,6.93,17,29.75,30,2184.89,256,5000,Social Media
379,23,7.23,33,24.75,108,2238.01,512,4000,Entertainment
380,49,8.64,19,4.45,85,652.3,64,3500,Gaming
381,47,3.25,29,35.34,35,1896.08,512,3500,Education
382,52,5.4,27,35.34,28,858.99,512,4500,Gaming
383,57,2.99,20,14.56,118,2046.07,64,3000,Education
384,33,9.89,14,14.94,69,2493.65,256,3500,Education
385,30,9.5,34,39.58,80,269.06,512,5000,Entertainment
386,59,1.35,34,25.79,56,2263.94,64,3000,Gaming
387,47,7.35,29,22.19,80,1632.05,128,3000,Gaming
388,36,9.33,27,33.85,35,2438.78,128,4000,Social Media
389,34,2.63,20,12.84,49,1269.52,128,3500,Gaming
390,36,6.11,16,18.31,14,2148.99,64,4000,Social Media
391,45,9.24,21,12.18,30,343.51,128,3500,Productivity
392,43,1.31,20,31.99,87,971.14,512,4500,Productivity
393,54,7.28,16,23.79,13,354.14,128,4000,Productivity
394,43,3.68,12,27.04,32,2443.29,128,4000,Shopping
395,40,9.32,24,11.59,115,2079.04,512,5000,Gaming
396,26,9.74,7,10.37,93,2160.86,128,4000,Shopping
397,29,9.5,20,20.56,24,2357.32,512,3500,Gaming
398,18,5.27,34,30.03,118,395.74,128,5000,Social Media
399,18,8.76,17,21.96,102,1086.87,512,4000,Shopping
400,51,8.6,27,3.24,17,363.38,128,4000,Shopping
401,49,3.87,32,35.0,50,684.82,512,4500,Shopping
402,42,8.46,23,4.46,28,727.54,64,4000,Education
403,57,1.33,12,38.32,112,1278.95,512,3000,Social Media
404,18,6.37,26,2.96,55,817.69,128,5000,Productivity
405,33,3.07,9,28.39,37,432.25,128,3000,Social Media
406,56,2.09,24,5.12,119,585.23,256,5000,Education
407,22,1.69,12,36.61,100,538.73,512,4500,Gaming
408,39,7.27,28,19.65,77,2438.08,64,4000,Social Media
409,46,4.06,16,7.23,24,1946.37,512,4000,Shopping
410,20,7.52,5,14.95,108,2425.85,512,4000,Productivity
411,29,1.59,29,8.26,46,1211.4,64,5000,Productivity
412,43,3.84,34,8.48,10,840.25,512,4000,Gaming
413,33,5.86,25,38.03,76,2036.07,64,3000,Social Media
414,54,8.12,24,18.92,33,950.38,64,4000,Education
415,39,3.87,10,31.97,36,888.58,512,4500,Gaming
416,46,6.63,26,26.31,49,734.76,512,3000,Social Media
417,31,8.97,22,27.7,72,498.26,128,4000,Entertainment
418,45,6.54,12,7.0,70,789.87,128,4000,Productivity
419,22,3.1,11,10.9,45,1017.24,256,3500,Education
420,47,1.22,5,31.9,107,1750.19,256,5000,Shopping
421,22,8.83,25,38.89,102,343.9,512,3000,Education
422,29,1.19,20,11.98,33,684.17,64,3500,Shopping
423,33,8.87,16,12.32,33,2060.75,256,4500,Education
424,43,5.76,10,19.97,115,537.92,512,5000,Productivity
425,43,9.45,24,39.39,13,988.08,256,3000,Shopping
426,38,8.19,6,12.22,76,2188.72,64,4000,Social Media
427,56,9.98,33,17.46,43,556.33,512,3000,Shopping
428,53,4.16,18,35.88,66,390.29,64,4000,Gaming
429,50,7.9,8,2.11,58,1314.44,512,5000,Social Media
430,47,4.62,5,3.51,96,895.56,256,4000,Gaming
431,54,5.32,27,24.95,62,1495.84,128,4500,Education
432,40,6.65,22,36.48,32,2048.75,256,4000,Social Media
433,27,8.86,17,11.08,118,515.44,256,4500,Education
434,22,9.86,6,19.85,78,1535.61,128,5000,Entertainment
435,53,7.91,13,19.12,104,1362.67,128,5000,Education
436,51,4.76,25,19.97,62,531.38,512,3000,Education
437,48,4.79,6,25.66,71,1635.2,512,4500,Gaming
438,27,7.64,31,19.85,50,829.37,64,4500,Shopping
439,36,3.15,29,19.0,66,1322.02,64,3500,Entertainment
440,49,1.99,13,20.02,69,389.23,256,3500,Education
441,18,4.19,5,24.45,63,1257.04,128,3500,Education
442,22,3.59,15,22.41,79,904.87,64,4000,Entertainment
443,21,3.67,7,34.46,110,2091.48,256,3500,Entertainment
444,33,3.1,24,3.88,66,331.05,128,4500,Social Media
445,41,1.38,34,33.67,19,1162.8,512,4000,Gaming
446,33,1.16,27,34.07,49,1254.39,256,5000,Entertainment
447,19,9.89,30,12.83,16,1867.51,512,3000,Entertainment
448,45,4.85,8,19.59,112,1520.86,64,3500,Productivity
449,49,4.46,22,18.66,47,1734.59,64,5000,Shopping
450,44,7.12,27,10.3,94,1987.21,128,4500,Entertainment
451,37,2.96,10,17.08,70,2183.07,256,3000,Gaming
452,41,9.55,7,3.69,93,921.91,512,5000,Shopping
453,29,8.08,26,12.56,12,1437.45,128,3000,Shopping
454,52,1.8,15,33.03,60,2132.25,64,3500,Education
455,50,4.76,19,12.81,95,2475.74,64,4500,Education
456,50,8.91,26,33.09,56,2245.89,256,3000,Education
457,54,9.5,32,22.2,77,1054.37,512,5000,Education
458,29,5.21,9,35.43,101,648.88,256,3500,Productivity
459,20,6.52,24,23.84,85,1325.6,512,3500,Entertainment
460,18,2.5,14,3.13,47,1905.78,512,5000,Education
461,50,9.92,16,27.67,45,1332.91,256,5000,Social Media
462,57,3.09,19,3.7,50,1311.32,128,3000,Education
463,27,9.48,21,19.12,78,2127.93,256,4000,Entertainment
464,46,6.85,14,37.32,22,1031.23,256,3500,Education
465,30,6.47,10,8.28,96,2177.53,64,3000,Productivity
466,29,5.61,22,16.82,67,1135.65,64,5000,Gaming
467,48,3.08,17,29.73,59,954.94,256,3000,Gaming
468,19,2.59,7,35.53,39,1244.18,256,5000,Entertainment
469,52,2.98,34,27.5,71,1953.63,64,4500,Gaming
470,40,2.68,28,11.81,110,489.8,512,5000,Gaming
471,34,8.02,14,27.64,34,651.76,256,5000,Social Media
472,43,4.15,34,13.28,36,2388.32,128,5000,Entertainment
473,25,1.52,18,29.3,60,603.63,128,4000,Entertainment
474,46,9.72,10,38.25,87,1505.77,128,5000,Gaming
475,43,8.95,7,29.41,66,1532.42,256,3500,Gaming
476,27,9.35,20,34.79,56,1326.14,512,3500,Gaming
477,43,9.95,11,2.08,109,1682.91,512,3000,Shopping
478,51,2.57,24,29.27,48,728.6,64,4000,Productivity
479,58,4.57,18,33.52,25,1471.12,256,3000,Education
480,24,7.82,13,3.54,31,1056.0,512,3500,Productivity
481,21,7.26,19,35.12,94,1721.83,256,3500,Entertainment
482,28,2.39,25,11.75,63,524.81,64,4500,Social Media
483,46,8.34,7,27.28,30,1513.02,64,5000,Education
484,53,3.02,6,32.41,81,626.12,64,3500,Social Media
485,42,3.01,31,27.18,25,840.88,128,3000,Shopping
486,38,5.83,6,5.51,68,703.03,256,3000,Entertainment
487,53,6.34,7,24.66,40,620.53,64,5000,Shopping
488,27,6.22,22,22.88,51,2099.14,256,5000,Entertainment
489,54,1.82,18,36.21,83,857.13,128,4500,Social Media
490,26,8.9,24,17.36,41,2332.38,128,4000,Social Media
491,41,3.39,22,14.2,68,2430.83,64,3000,Social Media
492,52,2.17,14,30.49,43,1513.9,64,5000,Entertainment
493,52,9.0,29,17.68,18,528.9,512,3000,Gaming
494,53,9.6,6,26.55,90,1061.46,256,5000,Social Media
495,35,8.76,29,26.57,20,2034.78,64,3500,Shopping
496,56,8.29,33,35.75,105,1045.0,512,3000,Education
497,49,6.9,26,24.75,19,400.14,256,3500,Entertainment
498,41,5.96,5,21.08,95,1480.61,64,3000,Shopping
499,40,1.78,8,7.28,26,2143.78,512,4000,Productivity
500,49,4.68,18,6.4,77,2030.63,512,4500,Productivity
501,54,4.35,5,7.86,57,602.78,256,3500,Education
502,29,3.34,18,8.53,61,1747.36,512,5000,Gaming
503,30,7.51,20,26.24,34,707.16,256,4000,Social Media
504,40,5.46,26,30.16,30,701.88,256,3000,Entertainment
505,42,1.73,18,22.14,110,2210.37,256,3500,Shopping
506,52,2.98,33,33.5,111,774.24,128,3000,Social Media
507,58,7.15,24,39.67,74,805.47,512,3000,Shopping
508,47,1.69,7,33.16,72,201.5,256,3000,Entertainment
509,34,8.66,7,28.41,98,2202.54,64,4500,Productivity
510,37,5.46,13,22.23,60,2022.97,128,4500,Social Media
511,42,5.33,10,19.06,45,1642.86,128,5000,Education
512,39,6.33,29,5.21,90,1925.61,512,3500,Gaming
513,30,8.42,17,17.18,114,549.71,256,4000,Education
514,36,4.13,25,36.59,97,1254.14,512,4000,Gaming
515,53,7.1,6,32.7,75,1007.8,128,4000,Shopping
516,29,6.09,12,10.21,113,415.69,256,3000,Social Media
517,58,3.4,25,19.73,24,1318.1,64,4500,Social Media
518,36,8.91,6,33.04,105,2317.7,256,3500,Gaming
519,29,8.18,8,4.56,48,292.14,128,3000,Productivity
520,26,6.93,29,16.72,79,870.36,64,4500,Entertainment
521,24,8.66,19,34.37,10,677.34,256,4500,Education
522,45,8.81,8,17.35,32,747.74,64,3500,Shopping
523,31,7.38,17,4.95,48,2289.4,64,3500,Education
524,48,8.53,32,22.62,66,1276.56,128,3500,Education
525,36,7.28,16,34.75,90,1272.49,64,3000,Shopping
526,33,7.12,32,24.43,43,1949.32,512,5000,Shopping
527,22,6.57,17,10.6,50,555.33,128,3500,Social Media
528,52,7.77,18,16.6,102,1320.71,512,5000,Education
529,29,2.43,24,19.1,82,1188.97,64,3000,Entertainment
530,42,8.93,22,24.01,22,1572.89,512,5000,Entertainment
531,38,8.85,33,30.86,79,2498.98,256,4000,Gaming
532,53,1.26,32,5.76,15,1969.73,64,5000,Shopping
533,40,8.43,10,35.81,93,1115.09,256,3500,Social Media
534,33,2.16,33,2.47,61,2103.37,512,3000,Entertainment
535,56,4.02,15,16.06,12,592.63,256,3500,Productivity
536,59,7.69,34,3.04,90,270.07,64,4000,Social Media
537,56,2.45,6,16.93,72,670.23,256,3500,Social Media
538,31,8.36,32,21.98,58,982.95,512,3500,Entertainment
539,48,8.49,27,21.44,85,1374.34,512,3500,Productivity
540,22,5.57,23,8.29,56,1614.8,512,4500,Gaming
541,52,1.06,23,26.54,118,2294.39,64,4000,Entertainment
542,40,3.58,9,3.7,64,1372.66,512,3500,Productivity
543,46,6.55,23,30.95,73,1352.93,64,3500,Social Media
544,28,9.83,6,37.97,74,315.56,256,3500,Productivity
545,35,6.69,14,14.91,90,280.3,512,3000,Social Media
546,29,3.34,29,21.66,76,1467.67,256,4500,Entertainment
547,26,6.71,6,16.4,99,1207.81,128,3000,Shopping
548,27,5.86,34,2.25,24,2130.11,256,4500,Entertainment
549,34,8.02,15,16.66,109,569.56,128,3500,Education
550,55,1.96,22,32.09,41,257.43,256,4000,Education
551,24,7.85,33,24.65,105,1232.79,64,5000,Education
552,30,5.87,28,5.85,77,746.2,256,5000,Entertainment
553,57,9.67,19,34.19,27,314.11,64,3500,Gaming
554,59,4.08,13,22.18,92,1866.58,64,3000,Entertainment
555,26,6.69,27,33.99,52,456.66,512,4000,Shopping
556,44,9.39,23,24.05,44,1599.13,64,4500,Productivity
557,19,1.92,13,23.27,113,846.41,128,3500,Entertainment
558,22,9.44,7,6.0,87,599.04,512,4000,Entertainment
559,46,7.19,25,8.36,67,1073.43,512,4000,Social Media
560,54,1.61,13,38.94,42,2043.33,256,4500,Social Media
561,55,3.71,32,10.68,23,1101.82,64,4000,Social Media
562,36,7.37,34,39.14,43,1926.77,64,3000,Entertainment
563,25,1.61,18,22.21,70,488.62,128,3000,Gaming
564,18,6.24,23,7.16,13,1977.37,256,3000,Productivity
565,39,4.11,11,5.77,97,744.95,256,4000,Productivity
566,34,6.59,20,9.94,68,1758.0,512,3000,Shopping
567,24,1.41,20,37.17,38,1501.3,512,4500,Gaming
568,42,8.84,32,17.74,92,2337.03,512,4000,Gaming
569,21,9.76,5,17.03,15,1090.84,128,5000,Productivity
570,53,9.72,8,13.9,106,352.18,128,4000,Education
571,23,7.75,8,7.59,58,244.06,512,4500,Social Media
572,48,2.17,11,20.54,49,2101.77,256,5000,Social Media
573,36,7.82,12,6.94,92,1406.89,128,4000,Productivity
574,56,1.22,21,33.75,74,1983.06,256,3000,Gaming
575,44,1.2,9,16.08,78,739.18,256,3500,Shopping
576,27,3.91,11,16.24,36,993.69,64,3500,Education
577,43,5.4,32,20.01,89,269.24,512,3000,Productivity
578,36,7.93,24,18.88,15,2411.43,64,3500,Social Media
579,56,7.15,33,39.8,113,1736.1,512,3500,Entertainment
580,20,5.01,24,22.72,22,2346.37,512,3000,Gaming
581,30,3.46,8,5.35,73,810.64,256,3000,Entertainment
582,45,9.97,32,25.06,71,1606.37,512,4000,Shopping
583,37,4.84,10,7.76,108,1760.55,256,4000,Productivity
584,45,5.06,11,3.18,28,930.36,256,3000,Social Media
585,25,2.47,22,38.89,85,2150.65,512,4500,Education
586,58,8.15,9,31.39,89,2378.47,256,3500,Entertainment
587,56,7.24,24,39.24,52,2235.17,256,4000,Education
588,18,2.99,34,20.16,83,1899.85,256,3500,Shopping
589,20,1.74,33,22.23,98,838.17,128,5000,Social Media
590,30,7.12,7,8.4,29,847.72,256,3000,Entertainment
591,45,6.89,11,11.38,104,2415.73,128,4500,Shopping
592,42,3.46,31,33.86,77,223.65,128,5000,Education
593,50,9.56,32,15.54,53,1846.91,256,5000,Education
594,55,2.36,26,33.42,32,1824.37,256,5000,Entertainment
595,23,4.89,18,28.94,11,1632.19,128,3000,Social Media
596,49,9.49,11,8.73,31,2477.25,128,4000,Education
597,38,4.78,9,21.28,66,917.32,256,3000,Productivity
598,33,6.75,33,27.74,110,981.94,256,4000,Shopping
599,38,4.58,26,10.93,81,381.56,512,5000,Entertainment
600,28,3.47,9,33.57,16,1218.44,128,5000,Gaming
601,54,9.86,34,22.7,87,800.41,128,4500,Gaming
602,53,4.68,27,8.28,65,989.79,512,4000,Social Media
603,52,9.05,6,24.15,76,2119.52,128,5000,Productivity
604,36,3.07,34,39.99,25,2351.61,64,3500,Education
605,37,2.92,31,7.72,92,627.19,128,4500,Gaming
606,35,1.28,25,33.04,60,1056.77,512,3000,Social Media
607,58,6.87,26,9.88,91,2335.85,64,4500,Shopping
608,31,4.32,10,31.73,89,342.16,256,3500,Productivity
609,32,8.78,19,29.91,81,412.43,512,4000,Productivity
610,48,5.26,25,13.42,106,574.42,512,3000,Social Media
611,18,9.71,14,14.38,21,1568.99,256,3000,Social Media
612,20,2.67,27,32.12,62,546.09,512,4000,Education
613,33,8.82,30,19.53,84,2426.58,128,4500,Social Media
614,40,7.99,28,29.77,14,1227.44,256,5000,Education
615,28,7.94,11,7.62,36,1353.49,512,4500,Education
616,29,8.6,9,34.4,21,767.31,256,3500,Entertainment
617,27,7.85,5,29.01,26,1283.21,256,5000,Productivity
618,49,6.64,17,36.46,15,1722.4,256,4500,Shopping
619,33,2.18,25,7.03,106,1927.71,64,4000,Productivity
620,25,1.29,30,24.53,14,1933.9,512,3500,Productivity
621,55,9.29,22,24.77,66,1529.15,64,3500,Entertainment
622,29,6.55,17,15.43,37,2280.03,512,3500,Education
623,41,8.17,25,19.42,87,2080.04,128,5000,Education
624,45,5.33,25,3.44,78,1941.21,128,3000,Social Media
625,25,2.06,22,30.34,68,327.89,128,5000,Entertainment
626,45,2.13,9,22.87,42,215.82,512,4500,Social Media
627,53,7.17,17,4.19,71,688.63,256,3000,Entertainment
628,43,4.87,8,27.87,59,1726.1,256,4500,Social Media
629,25,2.8,21,19.74,114,1145.75,64,3000,Gaming
630,45,5.42,7,3.31,28,1125.53,64,5000,Productivity
631,45,1.58,21,38.85,95,2234.55,128,3500,Productivity
632,54,6.24,32,38.07,78,2259.79,64,4000,Shopping
633,58,3.42,15,21.49,75,2291.1,512,3500,Education
634,53,8.18,25,5.56,103,921.92,512,5000,Shopping
635,44,3.79,24,30.68,56,1789.43,64,3000,Gaming
636,34,5.1,27,20.69,48,824.76,64,3500,Shopping
637,26,1.1,25,13.49,77,638.4,64,5000,Productivity
638,50,1.65,30,20.67,42,624.65,64,4500,Education
639,37,4.53,34,21.85,22,986.85,128,4000,Gaming
640,30,5.32,8,23.38,93,1188.9,128,3500,Productivity
641,45,6.4,6,18.77,63,2111.18,64,3000,Social Media
642,46,3.62,24,25.02,16,475.75,512,4500,Entertainment
643,30,7.25,20,36.91,88,1890.33,128,5000,Gaming
644,52,8.74,32,15.77,96,1422.35,512,4000,Education
645,23,8.02,22,29.58,23,862.27,256,3000,Shopping
646,35,1.36,12,35.99,96,1333.49,512,5000,Shopping
647,22,5.32,7,19.33,28,889.87,64,5000,Gaming
648,42,1.94,13,18.85,63,1570.99,256,3500,Education
649,19,3.18,33,24.88,102,1197.84,128,3500,Gaming
650,27,9.88,24,24.47,29,578.13,128,3000,Education
651,47,2.28,33,32.65,38,468.14,256,5000,Shopping
652,22,5.49,10,20.11,33,1457.4,512,3500,Productivity
653,50,6.56,14,39.85,91,2275.55,128,4000,Social Media
654,18,7.32,25,4.26,72,991.1,64,4000,Productivity
655,35,6.04,14,2.12,83,1885.9,256,5000,Social Media
656,49,1.09,17,26.33,114,1714.92,64,3500,Shopping
657,28,3.94,21,13.34,66,2342.58,256,3000,Productivity
658,38,5.66,13,11.13,17,2088.26,128,3000,Productivity
659,43,1.79,21,13.85,99,1503.19,512,3000,Gaming
660,42,4.16,28,11.73,71,1711.17,256,4000,Entertainment
661,39,1.3,13,3.17,38,2266.29,256,3500,Shopping
662,44,1.71,13,38.92,83,1118.89,64,3500,Education
663,30,4.57,5,10.39,26,951.63,128,4000,Shopping
664,50,2.19,6,29.89,75,224.87,64,3000,Education
665,51,6.11,32,30.98,15,2101.07,128,3000,Education
666,58,7.21,20,37.31,67,2042.26,64,5000,Social Media
667,52,8.21,33,3.16,78,440.25,256,4500,Education
668,18,2.8,5,35.14,37,1526.77,64,3500,Education
669,38,2.51,14,22.03,71,1267.16,512,3500,Gaming
670,23,1.94,22,26.04,50,473.03,128,3500,Productivity
671,45,6.73,30,26.49,78,2455.31,128,4500,Shopping
672,34,7.36,32,33.15,91,693.8,256,5000,Shopping
673,22,1.28,12,14.67,99,354.64,128,4500,Education
674,48,9.43,25,29.86,93,1568.15,512,3000,Entertainment
675,22,1.47,32,22.09,50,1899.39,64,3000,Shopping
676,55,5.87,15,32.15,58,274.62,256,3500,Education
677,20,7.38,27,39.64,100,1715.05,512,4000,Social Media
678,40,8.84,6,9.62,58,1424.27,128,3500,Social Media
679,54,7.43,12,39.8,85,437.51,128,4000,Social Media
680,54,8.22,31,5.41,80,596.8,512,4500,Education
681,27,4.06,26,2.09,12,1506.34,64,3000,Gaming
682,27,8.33,12,3.68,19,881.62,64,4000,Entertainment
683,36,1.72,21,14.99,107,2358.13,256,4500,Education
684,34,9.05,19,26.05,98,2083.1,128,3000,Gaming
685,38,5.93,21,4.62,44,2462.2,512,4000,Gaming
686,31,8.36,32,2.22,89,797.24,64,3500,Shopping
687,26,5.07,27,37.61,11,2430.36,256,3500,Education
688,18,6.79,28,33.23,33,1191.84,128,3500,Education
689,30,5.74,17,32.75,83,999.29,128,4500,Gaming
690,21,7.58,23,35.61,47,315.8,256,3500,Gaming
691,18,1.73,9,28.6,31,321.36,256,5000,Gaming
692,57,1.54,16,5.97,35,1791.63,64,3000,Shopping
693,49,3.22,5,17.17,52,1253.24,512,4500,Education
694,51,2.44,27,29.48,64,721.0,128,3500,Gaming
695,45,8.85,9,12.65,48,1612.13,512,3000,Social Media
696,48,2.97,12,28.12,100,781.57,128,4000,Education
697,25,9.78,17,2.93,38,1528.55,128,3500,Shopping
698,56,4.03,12,13.63,111,1026.18,512,3000,Social Media
699,43,2.64,29,22.87,29,2094.17,256,5000,Productivity
700,51,8.11,27,26.02,100,2087.6,64,4000,Education
701,20,6.93,15,23.93,50,1297.91,128,5000,Productivity
702,29,5.48,5,28.51,63,1006.88,256,3000,Gaming
703,18,6.0,17,2.23,29,1033.89,128,5000,Shopping
704,22,7.47,23,5.84,117,2053.14,64,3000,Gaming
705,47,3.06,28,35.02,28,954.81,128,3000,Shopping
706,47,9.97,7,27.91,93,680.84,64,5000,Entertainment
707,34,9.77,28,6.29,108,394.78,64,3000,Gaming
708,40,6.85,21,34.0,75,1273.39,128,3500,Productivity
709,32,2.8,9,11.2,39,1308.9,128,3000,Shopping
710,54,7.12,24,20.17,62,2134.09,64,4500,Gaming
711,38,1.65,25,7.52,43,708.85,256,3000,Education
712,31,1.28,12,28.98,31,1076.28,512,4500,Shopping
713,19,3.32,30,27.34,76,2059.33,64,3000,Shopping
714,28,5.16,18,10.02,15,2094.33,128,3000,Gaming
715,56,8.81,8,34.81,88,1084.61,128,5000,Entertainment
716,55,7.54,15,17.25,36,1255.99,256,3500,Gaming
717,51,7.68,24,13.12,19,897.56,512,3500,Productivity
718,55,4.83,19,7.79,82,2344.88,64,4000,Productivity
719,51,4.11,23,12.11,106,472.88,64,5000,Shopping
720,35,4.34,11,2.84,105,2347.62,512,5000,Shopping
721,47,9.89,23,24.16,57,1772.89,64,3500,Gaming
722,32,1.36,32,34.0,79,1422.62,512,5000,Productivity
723,44,8.8,23,22.86,114,275.12,128,3500,Productivity
724,51,6.21,15,10.33,68,1293.87,512,5000,Entertainment
725,55,4.95,30,3.28,109,1137.82,64,3000,Education
726,50,7.53,9,10.16,68,570.8,512,3500,Entertainment
727,41,5.38,9,17.81,11,1709.74,256,3500,Social Media
728,32,8.86,34,30.87,38,2433.65,128,4500,Entertainment
729,47,9.11,26,9.14,77,1493.03,128,5000,Gaming
730,59,4.8,12,29.35,74,1843.93,512,5000,Education
731,34,3.49,14,34.94,92,357.44,64,3500,Gaming
732,22,6.33,10,19.25,35,1160.63,256,3000,Social Media
733,46,9.21,19,33.21,98,467.62,128,3000,Education
734,21,2.9,20,23.08,19,1609.43,128,3000,Shopping
735,27,6.61,32,26.21,62,2358.51,64,5000,Productivity
736,34,6.68,21,22.0,88,1722.09,64,4500,Entertainment
737,27,7.6,12,19.6,68,376.65,256,3500,Gaming
738,34,2.18,12,10.92,31,1015.73,512,4000,Social Media
739,37,7.44,29,13.52,60,1466.53,64,4500,Productivity
740,41,9.18,13,13.02,57,1127.38,512,4000,Entertainment
741,22,2.62,6,23.4,30,2117.38,256,4500,Productivity
742,51,3.14,19,6.56,31,2073.74,512,3000,Entertainment
743,23,9.74,22,36.84,109,1607.21,128,5000,Shopping
744,19,2.63,7,29.38,107,1058.95,512,4000,Education
745,30,8.69,21,17.25,39,787.27,256,4500,Productivity
746,28,5.43,8,8.03,34,443.51,256,5000,Productivity
747,40,3.23,34,35.52,118,1016.26,256,4000,Productivity
748,33,8.84,8,33.3,37,1150.3,512,3500,Education
749,48,5.01,18,29.43,74,1754.39,128,4500,Social Media
750,28,5.63,13,12.32,54,1713.77,64,3500,Entertainment
751,33,4.23,13,17.29,77,361.25,128,3000,Shopping
752,25,6.34,29,5.9,16,1109.1,512,3500,Productivity
753,21,2.47,30,9.18,58,618.09,512,3500,Education
754,57,4.52,27,31.75,18,560.67,64,4500,Social Media
755,21,9.72,34,29.17,45,2102.79,512,3000,Entertainment
756,42,3.32,22,24.55,92,296.4,256,3500,Education
757,20,6.91,14,36.04,10,1164.12,256,5000,Shopping
758,49,3.93,25,24.16,19,586.87,256,4000,Shopping
759,20,7.96,8,19.74,45,2222.46,256,3500,Entertainment
760,44,2.18,16,14.93,82,1481.19,256,3000,Productivity
761,46,9.73,31,37.74,118,732.18,512,3500,Shopping
762,49,5.08,12,5.14,55,1355.58,64,4000,Social Media
763,36,3.12,6,37.37,115,1882.42,64,3000,Education
764,38,1.66,26,33.42,41,2403.67,256,4500,Social Media
765,22,2.53,17,6.94,41,707.03,512,3000,Productivity
766,35,5.68,25,23.47,15,2238.22,128,4500,Social Media
767,45,4.03,20,34.93,57,2348.9,128,3000,Social Media
768,59,8.46,32,23.73,47,2307.77,512,4000,Gaming
769,39,4.88,6,36.47,26,1661.45,256,4000,Social Media
770,38,3.24,15,37.83,83,1648.59,64,3000,Entertainment
771,23,6.55,14,18.05,36,1127.38,512,3500,Education
772,18,7.36,19,16.34,63,1930.52,128,4000,Gaming
773,22,2.5,21,37.58,59,1421.98,128,4500,Education
774,58,2.51,12,27.66,44,1758.11,128,4500,Education
775,29,1.33,22,6.41,94,1185.45,256,5000,Productivity
776,43,7.63,27,3.61,34,1882.44,128,4500,Productivity
777,51,6.97,13,23.46,37,2096.28,512,5000,Gaming
778,31,5.27,29,37.35,24,536.8,512,3000,Shopping
779,43,8.6,12,34.08,13,2115.74,128,3000,Productivity
780,44,8.25,31,27.68,102,1442.68,512,3000,Productivity
781,26,6.27,18,7.29,82,2142.73,128,3500,Productivity
782,43,8.81,32,11.66,36,1191.99,128,3500,Education
783,39,2.85,30,35.27,35,1071.79,64,5000,Gaming
784,47,2.01,29,8.95,28,2304.64,256,4500,Education
785,34,3.43,22,12.58,101,777.69,256,4500,Entertainment
786,43,1.51,26,6.92,26,2141.69,64,3000,Education
787,53,5.78,24,27.69,52,1313.25,64,4000,Entertainment
788,18,9.43,34,37.87,50,1382.42,256,3500,Social Media
789,25,1.35,24,12.22,51,909.48,128,3500,Social Media
790,52,2.1,25,20.07,59,1518.0,128,3000,Entertainment
791,32,5.07,16,26.1,93,947.99,256,3500,Entertainment
792,39,9.4,23,39.98,118,290.32,128,3000,Education
793,31,3.85,18,5.98,49,825.6,64,5000,Entertainment
794,43,5.57,21,20.95,48,214.67,128,4500,Gaming
795,45,1.37,28,16.63,32,2450.22,128,4000,Social Media
796,40,2.34,25,34.9,105,2421.22,512,4500,Social Media
797,31,9.88,7,20.09,61,1108.86,512,4500,Shopping
798,41,9.69,30,6.22,56,1875.25,512,5000,Entertainment
799,19,1.04,34,26.11,72,995.35,128,3500,Productivity
800,43,9.57,27,31.29,106,1743.51,256,4000,Productivity
